slope_days_per_year_tasmax_day_CanESM2_historical,slope_days_per_year_tasmax_day_CanESM2_rcp45,avg_annual_days_above_threshold_tasmax_day_CanESM2_historical,avg_annual_days_above_threshold_tasmax_day_CanESM2_rcp45
0.16195550860622632,0.34162933930571115,21.267857142857142,50.2200956937799
0.025560802833530072,0.07053153313651636,2.5730519480519476,8.162200956937802
0.31890362269309636,0.335422732362822,54.924285714285716,89.94526315789474
